segments/1442,boxing
segments/183,boxing
segments/1930,boxing
segments/1133,boxing
segments/2243,boxing
segments/2012,boxing
segments/1233,boxing
segments/888,boxing
segments/948,boxing
segments/748,boxing
segments/1246,boxing
segments/1934,boxing
segments/1621,handclapping
segments/477,handclapping
segments/633,handclapping
segments/1286,handclapping
segments/335,handclapping
segments/785,handclapping
segments/795,handclapping
segments/1573,handclapping
segments/631,handclapping
segments/236,handclapping
segments/2053,handclapping
segments/905,handclapping
segments/710,handwaving
segments/1882,handwaving
segments/602,handwaving
segments/494,handwaving
segments/1411,handwaving
segments/1852,handwaving
segments/2377,handwaving
segments/217,handwaving
segments/1495,handwaving
segments/589,handwaving
segments/782,handwaving
segments/832,handwaving
segments/547,jogging
segments/317,jogging
segments/462,jogging
segments/1172,jogging
segments/1249,jogging
segments/2001,jogging
segments/580,jogging
segments/196,jogging
segments/2121,jogging
segments/1148,jogging
segments/1116,jogging
segments/1424,jogging
segments/195,running
segments/1753,running
segments/1270,running
segments/2376,running
segments/1571,running
segments/273,running
segments/18,running
segments/1742,running
segments/2323,running
segments/1965,running
segments/1344,running
segments/884,running
segments/1565,walking
segments/1213,walking
segments/1948,walking
segments/1954,walking
segments/1262,walking
segments/2018,walking
segments/214,walking
segments/1117,walking
segments/947,walking
segments/302,walking
segments/1295,walking
segments/1140,walking
segments/1160,boxing
segments/2365,boxing
segments/2147,boxing
segments/267,boxing
segments/1944,boxing
segments/263,boxing
segments/382,boxing
segments/1410,boxing
segments/1792,boxing
segments/276,boxing
segments/1629,boxing
segments/2112,boxing
segments/1305,handclapping
segments/955,handclapping
segments/2345,handclapping
segments/1002,handclapping
segments/655,handclapping
segments/51,handclapping
segments/1639,handclapping
segments/702,handclapping
segments/1466,handclapping
segments/475,handclapping
segments/859,handclapping
segments/397,handclapping
segments/1488,handwaving
segments/2037,handwaving
segments/1754,handwaving
segments/2354,handwaving
segments/1901,handwaving
segments/1142,handwaving
segments/1423,handwaving
segments/460,handwaving
segments/771,handwaving
segments/1377,handwaving
segments/1978,handwaving
segments/1880,handwaving
segments/1549,jogging
segments/88,jogging
segments/621,jogging
segments/843,jogging
segments/1494,jogging
segments/463,jogging
segments/723,jogging
segments/2136,jogging
segments/167,jogging
segments/1059,jogging
segments/1868,jogging
segments/402,jogging
segments/754,running
segments/1467,running
segments/2052,running
segments/1212,running
segments/2143,running
segments/1455,running
segments/1665,running
segments/1519,running
segments/855,running
segments/1895,running
segments/572,running
segments/718,running
segments/1810,walking
segments/2096,walking
segments/1608,walking
segments/369,walking
segments/2272,walking
segments/1566,walking
segments/1916,walking
segments/2065,walking
segments/1540,walking
segments/848,walking
segments/1088,walking
segments/2069,walking
segments/2352,boxing
segments/894,boxing
segments/1437,boxing
segments/914,boxing
segments/7,boxing
segments/1498,boxing
segments/852,boxing
segments/148,boxing
segments/2130,boxing
segments/715,boxing
segments/1951,boxing
segments/1192,boxing
segments/537,handclapping
segments/495,handclapping
segments/545,handclapping
segments/1511,handclapping
segments/937,handclapping
segments/2331,handclapping
segments/353,handclapping
segments/1518,handclapping
segments/1761,handclapping
segments/281,handclapping
segments/1298,handclapping
segments/1358,handclapping
segments/409,handwaving
segments/831,handwaving
segments/1463,handwaving
segments/887,handwaving
segments/137,handwaving
segments/578,handwaving
segments/2219,handwaving
segments/170,handwaving
segments/1820,handwaving
segments/842,handwaving
segments/813,handwaving
segments/1244,handwaving
segments/1341,jogging
segments/222,jogging
segments/579,jogging
segments/1154,jogging
segments/78,jogging
segments/984,jogging
segments/777,jogging
segments/724,jogging
segments/1196,jogging
segments/1023,jogging
segments/163,jogging
segments/1732,jogging
segments/1380,running
segments/1865,running
segments/701,running
segments/2332,running
segments/820,running
segments/2059,running
segments/1765,running
segments/2118,running
segments/2373,running
segments/1468,running
segments/956,running
segments/418,running
segments/1238,walking
segments/2116,walking
segments/2103,walking
segments/519,walking
segments/425,walking
segments/1542,walking
segments/1970,walking
segments/970,walking
segments/1101,walking
segments/2092,walking
segments/1956,walking
segments/664,walking
segments/1915,boxing
segments/674,boxing
segments/1624,boxing
segments/193,boxing
segments/1923,boxing
segments/451,boxing
segments/1230,boxing
segments/2162,boxing
segments/2321,boxing
segments/1814,boxing
segments/962,boxing
segments/2060,boxing
segments/1205,handclapping
segments/1417,handclapping
segments/407,handclapping
segments/726,handclapping
segments/620,handclapping
segments/1958,handclapping
segments/1454,handclapping
segments/421,handclapping
segments/1870,handwaving
segments/1697,handwaving
segments/673,handwaving
segments/2093,handwaving
segments/2090,handwaving
segments/1853,handwaving
segments/2303,handwaving
segments/2100,handwaving
segments/1026,handwaving
segments/1415,handwaving
segments/1313,handwaving
segments/729,jogging
segments/1932,jogging
segments/1144,jogging
segments/1514,jogging
segments/1291,jogging
segments/1628,jogging
segments/1477,jogging
segments/56,jogging
segments/1543,jogging
segments/1674,jogging
segments/2071,jogging
segments/1530,jogging
segments/430,running
segments/2152,running
segments/730,running
segments/1381,running
segments/2380,running
segments/1648,running
segments/314,running
segments/1977,running
segments/1021,running
segments/2264,running
segments/2089,running
segments/2374,running
segments/1273,walking
segments/450,walking
segments/2154,walking
segments/1943,walking
segments/565,walking
segments/286,walking
segments/686,walking
segments/1028,walking
segments/1960,walking
segments/2082,walking
segments/1189,walking
segments/114,walking
segments/101,boxing
segments/1183,boxing
segments/868,boxing
segments/2040,boxing
segments/12,boxing
segments/1072,boxing
segments/11,boxing
segments/505,boxing
segments/2291,boxing
segments/689,boxing
segments/1822,boxing
segments/128,boxing
segments/1175,handclapping
segments/1764,handclapping
segments/792,handclapping
segments/177,handclapping
segments/1124,handclapping
segments/1130,handclapping
segments/814,handclapping
segments/1473,handclapping
segments/692,handclapping
segments/869,handclapping
segments/1195,handclapping
segments/1545,handclapping
segments/210,handwaving
segments/1399,handwaving
segments/1428,handwaving
segments/1707,handwaving
segments/1453,handwaving
segments/413,handwaving
segments/1481,handwaving
segments/256,handwaving
segments/1547,handwaving
segments/490,handwaving
segments/2098,handwaving
segments/1278,jogging
segments/983,jogging
segments/384,jogging
segments/1031,jogging
segments/1783,jogging
segments/886,jogging
segments/1412,jogging
segments/2211,jogging
segments/151,jogging
segments/106,jogging
segments/2274,jogging
segments/90,jogging
segments/467,running
segments/805,running
segments/881,running
segments/935,running
segments/743,running
segments/1307,running
segments/541,running
segments/1041,running
segments/1676,running
segments/2028,running
segments/480,running
segments/1652,running
segments/1152,walking
segments/145,walking
segments/104,walking
segments/1085,walking
segments/2251,walking
segments/2039,walking
segments/75,walking
segments/1345,walking
segments/1981,walking
segments/1890,walking
segments/1946,walking
segments/1234,walking
segments/486,boxing
segments/10,boxing
segments/787,boxing
segments/1824,boxing
segments/1421,boxing
segments/1430,boxing
segments/1938,boxing
segments/1949,boxing
segments/2229,boxing
segments/952,boxing
segments/896,boxing
segments/911,handclapping
segments/342,handclapping
segments/1661,handclapping
segments/189,handclapping
segments/2350,handclapping
segments/1925,handclapping
segments/2105,handclapping
segments/1613,handclapping
segments/49,handclapping
segments/1640,handclapping
segments/444,handclapping
segments/264,handclapping
segments/571,handwaving
segments/647,handwaving
segments/1197,handwaving
segments/1851,handwaving
segments/791,handwaving
segments/1794,handwaving
segments/757,handwaving
segments/417,handwaving
segments/1390,handwaving
segments/684,handwaving
segments/1945,handwaving
segments/919,handwaving
segments/619,jogging
segments/775,jogging
segments/1907,jogging
segments/1730,jogging
segments/268,jogging
segments/159,jogging
segments/570,jogging
segments/642,jogging
segments/271,jogging
segments/1888,jogging
segments/371,jogging
segments/706,jogging
segments/1379,running
segments/123,running
segments/231,running
segments/1115,running
segments/1734,running
segments/912,running
segments/1835,running
segments/600,running
segments/939,running
segments/780,running
segments/1352,running
segments/1173,running
segments/1501,walking
segments/247,walking
segments/1277,walking
segments/1947,walking
segments/1490,walking
segments/1321,walking
segments/1555,walking
segments/1591,walking
segments/80,walking
segments/127,walking
segments/1162,walking
segments/253,walking
segments/1118,boxing
segments/497,boxing
segments/2318,boxing
segments/576,boxing
segments/1231,boxing
segments/1110,boxing
segments/2156,boxing
segments/2340,boxing
segments/2111,boxing
segments/661,boxing
segments/1541,boxing
segments/821,boxing
segments/1385,handclapping
segments/1304,handclapping
segments/666,handclapping
segments/150,handclapping
segments/1848,handclapping
segments/979,handclapping
segments/1125,handclapping
segments/526,handclapping
segments/645,handclapping
segments/2230,handclapping
segments/1464,handclapping
segments/1419,handclapping
segments/1301,handwaving
segments/2260,handwaving
segments/628,handwaving
segments/1731,handwaving
segments/1671,handwaving
segments/442,handwaving
segments/1471,handwaving
segments/2278,handwaving
segments/2045,handwaving
segments/1973,handwaving
segments/1037,handwaving
segments/254,handwaving
segments/969,jogging
segments/2153,jogging
segments/709,jogging
segments/1478,jogging
segments/2128,jogging
segments/898,jogging
segments/1190,jogging
segments/680,jogging
segments/2242,jogging
segments/951,jogging
segments/469,jogging
segments/2025,jogging
segments/1272,running
segments/191,running
segments/470,running
segments/27,running
segments/1655,running
segments/2342,running
segments/2026,running
segments/1552,running
segments/336,running
segments/1228,running
segments/1813,running
segments/616,running
segments/1507,walking
segments/310,walking
segments/1054,walking
segments/2253,walking
segments/479,walking
segments/2075,walking
segments/1331,walking
segments/856,walking
segments/1354,walking
segments/1257,walking
segments/2325,walking
segments/1631,walking
segments/721,boxing
segments/1210,boxing
segments/529,boxing
segments/2336,boxing
segments/1959,boxing
segments/1696,boxing
segments/1339,boxing
segments/306,boxing
segments/62,boxing
segments/2017,boxing
segments/923,boxing
segments/2226,boxing
segments/1364,handclapping
segments/1006,handclapping
segments/1076,handclapping
segments/610,handclapping
segments/1338,handclapping
segments/660,handclapping
segments/1760,handclapping
segments/1683,handclapping
segments/1111,handclapping
segments/4,handclapping
segments/1812,handclapping
segments/1097,handclapping
segments/1660,handwaving
segments/2187,handwaving
segments/741,handwaving
segments/1694,handwaving
segments/634,handwaving
segments/187,handwaving
segments/1209,handwaving
segments/2,handwaving
segments/1386,handwaving
segments/1406,handwaving
segments/1839,handwaving
segments/1276,handwaving
segments/740,jogging
segments/333,jogging
segments/2094,jogging
segments/877,jogging
segments/124,jogging
segments/473,jogging
segments/1677,jogging
segments/198,jogging
segments/2097,jogging
segments/1845,jogging
segments/784,jogging
segments/1165,jogging
segments/880,running
segments/817,running
segments/972,running
segments/925,running
segments/1548,running
segments/1622,running
segments/2285,running
segments/506,running
segments/941,running
segments/2095,running
segments/906,running
segments/1796,running
segments/1758,walking
segments/1256,walking
segments/2189,walking
segments/139,walking
segments/1448,walking
segments/870,walking
segments/1227,walking
segments/1044,walking
segments/2122,walking
segments/429,walking
segments/1921,walking
segments/897,walking
segments/2029,boxing
segments/1654,boxing
segments/46,boxing
segments/734,boxing
segments/1700,boxing
segments/985,boxing
segments/503,boxing
segments/1489,boxing
segments/2269,boxing
segments/1302,boxing
segments/1551,boxing
segments/2287,boxing
segments/1357,handclapping
segments/107,handclapping
segments/419,handclapping
segments/1303,handclapping
segments/89,handclapping
segments/1207,handclapping
segments/246,handclapping
segments/1046,handclapping
segments/1776,handclapping
segments/1579,handclapping
segments/1642,handclapping
segments/406,handclapping
segments/778,handwaving
segments/1317,handwaving
segments/2125,handwaving
segments/1163,handwaving
segments/117,handwaving
segments/1937,handwaving
segments/2076,handwaving
segments/15,handwaving
segments/2113,handwaving
segments/1132,handwaving
segments/1838,handwaving
segments/378,handwaving
segments/1576,jogging
segments/2304,jogging
segments/2358,jogging
segments/1316,jogging
segments/922,jogging
segments/1877,jogging
segments/504,jogging
segments/2030,jogging
segments/366,jogging
segments/125,jogging
segments/76,jogging
segments/71,jogging
segments/197,running
segments/2008,running
segments/1952,running
segments/298,running
segments/1038,running
segments/1135,running
segments/2225,running
segments/1673,running
segments/105,running
segments/1892,running
segments/13,running
segments/1668,running
segments/1854,walking
segments/1585,walking
segments/1312,walking
segments/960,walking
segments/1766,walking
segments/2311,walking
segments/447,walking
segments/654,walking
segments/607,walking
segments/1720,walking
segments/1292,walking
segments/1328,walking
segments/567,boxing
segments/624,boxing
segments/1330,boxing
segments/790,boxing
segments/737,boxing
segments/2341,boxing
segments/355,boxing
segments/69,boxing
segments/1505,boxing
segments/2174,boxing
segments/2170,boxing
segments/1020,boxing
segments/437,handclapping
segments/907,handclapping
segments/1881,handclapping
segments/2254,handclapping
segments/2372,handclapping
segments/2181,handclapping
segments/2068,handclapping
segments/386,handclapping
segments/1887,handclapping
segments/394,handclapping
segments/1672,handclapping
segments/2205,handclapping
segments/466,handwaving
segments/2120,handwaving
segments/550,handwaving
segments/360,handwaving
segments/1899,handwaving
segments/2171,handwaving
segments/973,handwaving
segments/2249,handwaving
segments/3,handwaving
segments/500,handwaving
segments/2183,handwaving
segments/229,handwaving
segments/575,jogging
segments/1388,jogging
segments/1651,jogging
segments/190,jogging
segments/943,jogging
segments/733,jogging
segments/269,jogging
segments/2000,jogging
segments/2259,jogging
segments/212,jogging
segments/328,jogging
segments/2142,jogging
segments/1499,running
segments/2344,running
segments/2220,running
segments/2324,running
segments/403,running
segments/329,running
segments/1496,running
segments/1036,running
segments/206,running
segments/1248,running
segments/1153,running
segments/1138,running
segments/1606,walking
segments/1159,walking
segments/863,walking
segments/2087,walking
segments/2058,walking
segments/533,walking
segments/2206,walking
segments/2106,walking
segments/1561,walking
segments/400,walking
segments/1308,walking
segments/1034,walking
segments/658,boxing
segments/1007,boxing
segments/399,boxing
segments/959,boxing
segments/1724,boxing
segments/147,boxing
segments/492,boxing
segments/1751,boxing
segments/2172,boxing
segments/1491,boxing
segments/379,boxing
segments/116,boxing
segments/875,handclapping
segments/2127,handclapping
segments/186,handclapping
segments/410,handclapping
segments/230,handclapping
segments/387,handclapping
segments/109,handclapping
segments/219,handclapping
segments/976,handclapping
segments/1402,handclapping
segments/1050,handclapping
segments/54,handclapping
segments/1557,handwaving
segments/944,handwaving
segments/82,handwaving
segments/975,handwaving
segments/2271,handwaving
segments/858,handwaving
segments/1457,handwaving
segments/185,handwaving
segments/1016,handwaving
segments/1781,handwaving
segments/17,handwaving
segments/920,handwaving
segments/1083,jogging
segments/131,jogging
segments/1493,jogging
segments/1204,jogging
segments/313,jogging
segments/2273,jogging
segments/2077,jogging
segments/401,jogging
segments/938,jogging
segments/2102,jogging
segments/1306,jogging
segments/606,jogging
segments/1070,running
segments/2223,running
segments/422,running
segments/1620,running
segments/1060,running
segments/138,running
segments/1637,running
segments/629,running
segments/2194,running
segments/172,running
segments/1931,running
segments/202,running
segments/2281,walking
segments/591,walking
segments/614,walking
segments/1336,walking
segments/52,walking
segments/2197,walking
segments/1418,walking
segments/1509,walking
segments/1891,walking
segments/1984,walking
segments/1217,walking
segments/804,walking
segments/332,boxing
segments/416,boxing
segments/1864,boxing
segments/528,boxing
segments/1638,boxing
segments/1353,boxing
segments/1797,boxing
segments/1032,boxing
segments/119,boxing
segments/2214,boxing
segments/354,boxing
segments/1790,boxing
segments/1275,handclapping
segments/696,handclapping
segments/390,handclapping
segments/1527,handclapping
segments/2141,handclapping
segments/1919,handclapping
segments/1049,handclapping
segments/1876,handclapping
segments/1626,handclapping
segments/1015,handclapping
segments/1836,handclapping
segments/35,handclapping
segments/440,handwaving
segments/1898,handwaving
segments/1708,handwaving
segments/747,handwaving
segments/693,handwaving
segments/2027,handwaving
segments/2261,handwaving
segments/270,handwaving
segments/1500,handwaving
segments/489,handwaving
segments/1866,handwaving
segments/346,handwaving
segments/2035,jogging
segments/1112,jogging
segments/1830,jogging
segments/43,jogging
segments/1180,jogging
segments/1443,jogging
segments/749,jogging
segments/2073,jogging
segments/793,jogging
segments/1077,jogging
segments/1600,jogging
segments/639,jogging
segments/1656,running
segments/1267,running
segments/324,running
segments/2107,running
segments/2280,running
segments/555,running
segments/461,running
segments/1497,running
segments/1603,running
segments/211,running
segments/1241,running
segments/129,running
segments/1395,walking
segments/2151,walking
segments/1506,walking
segments/1326,walking
segments/301,walking
segments/834,walking
segments/1203,walking
segments/2007,walking
segments/2363,walking
segments/1682,walking
segments/756,walking
segments/476,walking
segments/1398,boxing
segments/34,boxing
segments/1909,boxing
segments/435,boxing
segments/1369,boxing
segments/1713,boxing
segments/1900,boxing
segments/1531,boxing
segments/2176,boxing
segments/2351,boxing
segments/97,boxing
segments/2208,boxing
segments/1389,handclapping
segments/1284,handclapping
segments/2327,handclapping
segments/1806,handclapping
segments/651,handclapping
segments/1000,handclapping
segments/1121,handclapping
segments/1961,handclapping
segments/1300,handclapping
segments/860,handclapping
segments/762,handclapping
segments/2062,handclapping
segments/593,handwaving
segments/1422,handwaving
segments/2299,handwaving
segments/662,handwaving
segments/2014,handwaving
segments/953,handwaving
segments/459,handwaving
segments/2234,handwaving
segments/1675,handwaving
segments/1081,handwaving
segments/2279,handwaving
segments/330,handwaving
segments/750,jogging
segments/1010,jogging
segments/21,jogging
segments/1903,jogging
segments/337,jogging
segments/8,jogging
segments/1319,jogging
segments/1084,jogging
segments/1788,jogging
segments/279,jogging
segments/1686,jogging
segments/465,jogging
segments/40,running
segments/2157,running
segments/963,running
segments/1201,running
segments/1860,running
segments/1811,running
segments/1221,running
segments/1030,running
segments/1841,running
segments/2088,running
segments/294,running
segments/362,running
segments/837,walking
segments/485,walking
segments/1922,walking
segments/1705,walking
segments/1786,walking
segments/917,walking
segments/2055,walking
segments/758,walking
segments/215,walking
segments/380,walking
segments/556,walking
segments/2066,walking
segments/6,boxing
segments/1065,boxing
segments/527,boxing
segments/1232,boxing
segments/1158,boxing
segments/927,boxing
segments/1669,boxing
segments/595,boxing
segments/2015,boxing
segments/990,boxing
segments/774,boxing
segments/1793,boxing
segments/2010,handclapping
segments/2255,handclapping
segments/1747,handclapping
segments/1393,handclapping
segments/1387,handclapping
segments/1474,handclapping
segments/1627,handclapping
segments/205,handclapping
segments/1884,handclapping
segments/1733,handclapping
segments/2063,handclapping
segments/656,handclapping
segments/1658,handwaving
segments/1712,handwaving
segments/2245,handwaving
segments/287,handwaving
segments/932,handwaving
segments/1534,handwaving
segments/2133,handwaving
segments/2006,handwaving
segments/2203,handwaving
segments/981,handwaving
segments/234,handwaving
segments/2297,handwaving
segments/1969,jogging
segments/891,jogging
segments/1384,jogging
segments/1972,jogging
segments/2359,jogging
segments/646,jogging
segments/1366,jogging
segments/1524,jogging
segments/1427,jogging
segments/1763,jogging
segments/1206,jogging
segments/2292,jogging
segments/130,running
segments/363,running
segments/2180,running
segments/1739,running
segments/472,running
segments/1095,running
segments/1717,running
segments/1092,running
segments/1688,running
segments/2221,running
segments/478,running
segments/512,running
segments/220,walking
segments/1079,walking
segments/484,walking
segments/1980,walking
segments/1535,walking
segments/370,walking
segments/1711,walking
segments/532,walking
segments/543,walking
segments/786,walking
segments/1597,walking
segments/1684,walking